x,y,model,estimate,model_new
0,0,Decision trees,0.878,Decision trees (0.878)
0.047619047619047616,0.6547619047619048,Decision trees,0.878,Decision trees (0.878)
0.3333333333333333,0.8452380952380952,Decision trees,0.878,Decision trees (0.878)
0.42857142857142855,0.9047619047619048,Decision trees,0.878,Decision trees (0.878)
0.47619047619047616,0.9166666666666666,Decision trees,0.878,Decision trees (0.878)
0.47619047619047616,0.9642857142857143,Decision trees,0.878,Decision trees (0.878)
0.5238095238095238,0.9642857142857143,Decision trees,0.878,Decision trees (0.878)
1,1,Decision trees,0.878,Decision trees (0.878)
0,0,Elastic net,0.914,Elastic net (0.914)
0,0.011904761904761904,Elastic net,0.914,Elastic net (0.914)
0,0.023809523809523808,Elastic net,0.914,Elastic net (0.914)
0,0.03571428571428571,Elastic net,0.914,Elastic net (0.914)
0,0.047619047619047616,Elastic net,0.914,Elastic net (0.914)
0,0.05952380952380952,Elastic net,0.914,Elastic net (0.914)
0,0.07142857142857142,Elastic net,0.914,Elastic net (0.914)
0,0.08333333333333333,Elastic net,0.914,Elastic net (0.914)
0,0.09523809523809523,Elastic net,0.914,Elastic net (0.914)
0,0.10714285714285714,Elastic net,0.914,Elastic net (0.914)
0,0.11904761904761904,Elastic net,0.914,Elastic net (0.914)
0,0.13095238095238096,Elastic net,0.914,Elastic net (0.914)
0,0.14285714285714285,Elastic net,0.914,Elastic net (0.914)
0,0.15476190476190477,Elastic net,0.914,Elastic net (0.914)
0,0.16666666666666666,Elastic net,0.914,Elastic net (0.914)
0,0.17857142857142858,Elastic net,0.914,Elastic net (0.914)
0,0.19047619047619047,Elastic net,0.914,Elastic net (0.914)
0,0.21428571428571427,Elastic net,0.914,Elastic net (0.914)
0,0.2261904761904762,Elastic net,0.914,Elastic net (0.914)
0,0.25,Elastic net,0.914,Elastic net (0.914)
0,0.2619047619047619,Elastic net,0.914,Elastic net (0.914)
0,0.27380952380952384,Elastic net,0.914,Elastic net (0.914)
0,0.2857142857142857,Elastic net,0.914,Elastic net (0.914)
0,0.2976190476190476,Elastic net,0.914,Elastic net (0.914)
0,0.30952380952380953,Elastic net,0.914,Elastic net (0.914)
0,0.3333333333333333,Elastic net,0.914,Elastic net (0.914)
0,0.34523809523809523,Elastic net,0.914,Elastic net (0.914)
0,0.35714285714285715,Elastic net,0.914,Elastic net (0.914)
0,0.36904761904761907,Elastic net,0.914,Elastic net (0.914)
0,0.38095238095238093,Elastic net,0.914,Elastic net (0.914)
0,0.40476190476190477,Elastic net,0.914,Elastic net (0.914)
0,0.4166666666666667,Elastic net,0.914,Elastic net (0.914)
0,0.42857142857142855,Elastic net,0.914,Elastic net (0.914)
0,0.44047619047619047,Elastic net,0.914,Elastic net (0.914)
0,0.4523809523809524,Elastic net,0.914,Elastic net (0.914)
0,0.4642857142857143,Elastic net,0.914,Elastic net (0.914)
0,0.47619047619047616,Elastic net,0.914,Elastic net (0.914)
0,0.4880952380952381,Elastic net,0.914,Elastic net (0.914)
0,0.5,Elastic net,0.914,Elastic net (0.914)
0,0.5119047619047619,Elastic net,0.914,Elastic net (0.914)
0,0.5238095238095238,Elastic net,0.914,Elastic net (0.914)
0,0.5357142857142857,Elastic net,0.914,Elastic net (0.914)
0,0.5476190476190477,Elastic net,0.914,Elastic net (0.914)
0,0.5595238095238095,Elastic net,0.914,Elastic net (0.914)
0,0.5714285714285714,Elastic net,0.914,Elastic net (0.914)
0,0.5833333333333334,Elastic net,0.914,Elastic net (0.914)
0,0.5952380952380952,Elastic net,0.914,Elastic net (0.914)
0,0.6071428571428571,Elastic net,0.914,Elastic net (0.914)
0,0.6190476190476191,Elastic net,0.914,Elastic net (0.914)
0,0.6309523809523809,Elastic net,0.914,Elastic net (0.914)
0,0.6428571428571429,Elastic net,0.914,Elastic net (0.914)
0,0.6547619047619048,Elastic net,0.914,Elastic net (0.914)
0.047619047619047616,0.6547619047619048,Elastic net,0.914,Elastic net (0.914)
0.047619047619047616,0.6666666666666666,Elastic net,0.914,Elastic net (0.914)
0.047619047619047616,0.6785714285714286,Elastic net,0.914,Elastic net (0.914)
0.047619047619047616,0.6904761904761905,Elastic net,0.914,Elastic net (0.914)
0.047619047619047616,0.7023809523809523,Elastic net,0.914,Elastic net (0.914)
0.047619047619047616,0.7142857142857143,Elastic net,0.914,Elastic net (0.914)
0.047619047619047616,0.7261904761904762,Elastic net,0.914,Elastic net (0.914)
0.047619047619047616,0.7380952380952381,Elastic net,0.914,Elastic net (0.914)
0.047619047619047616,0.75,Elastic net,0.914,Elastic net (0.914)
0.047619047619047616,0.7619047619047619,Elastic net,0.914,Elastic net (0.914)
0.047619047619047616,0.7738095238095238,Elastic net,0.914,Elastic net (0.914)
0.047619047619047616,0.7857142857142857,Elastic net,0.914,Elastic net (0.914)
0.047619047619047616,0.7976190476190477,Elastic net,0.914,Elastic net (0.914)
0.09523809523809523,0.7976190476190477,Elastic net,0.914,Elastic net (0.914)
0.09523809523809523,0.8095238095238095,Elastic net,0.914,Elastic net (0.914)
0.14285714285714285,0.8095238095238095,Elastic net,0.914,Elastic net (0.914)
0.14285714285714285,0.8214285714285714,Elastic net,0.914,Elastic net (0.914)
0.19047619047619047,0.8214285714285714,Elastic net,0.914,Elastic net (0.914)
0.19047619047619047,0.8333333333333334,Elastic net,0.914,Elastic net (0.914)
0.23809523809523808,0.8333333333333334,Elastic net,0.914,Elastic net (0.914)
0.23809523809523808,0.8452380952380952,Elastic net,0.914,Elastic net (0.914)
0.23809523809523808,0.8571428571428571,Elastic net,0.914,Elastic net (0.914)
0.23809523809523808,0.8690476190476191,Elastic net,0.914,Elastic net (0.914)
0.23809523809523808,0.8809523809523809,Elastic net,0.914,Elastic net (0.914)
0.2857142857142857,0.8809523809523809,Elastic net,0.914,Elastic net (0.914)
0.2857142857142857,0.8928571428571429,Elastic net,0.914,Elastic net (0.914)
0.3333333333333333,0.8928571428571429,Elastic net,0.914,Elastic net (0.914)
0.3333333333333333,0.9047619047619048,Elastic net,0.914,Elastic net (0.914)
0.38095238095238093,0.9047619047619048,Elastic net,0.914,Elastic net (0.914)
0.42857142857142855,0.9047619047619048,Elastic net,0.914,Elastic net (0.914)
0.42857142857142855,0.9166666666666666,Elastic net,0.914,Elastic net (0.914)
0.47619047619047616,0.9166666666666666,Elastic net,0.914,Elastic net (0.914)
0.47619047619047616,0.9285714285714286,Elastic net,0.914,Elastic net (0.914)
0.5238095238095238,0.9285714285714286,Elastic net,0.914,Elastic net (0.914)
0.5238095238095238,0.9404761904761905,Elastic net,0.914,Elastic net (0.914)
0.5714285714285714,0.9404761904761905,Elastic net,0.914,Elastic net (0.914)
0.6190476190476191,0.9404761904761905,Elastic net,0.914,Elastic net (0.914)
0.6190476190476191,0.9523809523809523,Elastic net,0.914,Elastic net (0.914)
0.6666666666666666,0.9523809523809523,Elastic net,0.914,Elastic net (0.914)
0.6666666666666666,0.9642857142857143,Elastic net,0.914,Elastic net (0.914)
0.6666666666666666,0.9761904761904762,Elastic net,0.914,Elastic net (0.914)
0.7142857142857143,0.9761904761904762,Elastic net,0.914,Elastic net (0.914)
0.7619047619047619,0.9761904761904762,Elastic net,0.914,Elastic net (0.914)
0.7619047619047619,0.9880952380952381,Elastic net,0.914,Elastic net (0.914)
0.7619047619047619,1,Elastic net,0.914,Elastic net (0.914)
0.8095238095238095,1,Elastic net,0.914,Elastic net (0.914)
0.8571428571428571,1,Elastic net,0.914,Elastic net (0.914)
0.9047619047619048,1,Elastic net,0.914,Elastic net (0.914)
0.9523809523809523,1,Elastic net,0.914,Elastic net (0.914)
1,1,Elastic net,0.914,Elastic net (0.914)
0,0,Gradient boosting,0.916,Gradient boosting (0.916)
0,0.011904761904761904,Gradient boosting,0.916,Gradient boosting (0.916)
0,0.023809523809523808,Gradient boosting,0.916,Gradient boosting (0.916)
0,0.03571428571428571,Gradient boosting,0.916,Gradient boosting (0.916)
0,0.047619047619047616,Gradient boosting,0.916,Gradient boosting (0.916)
0,0.05952380952380952,Gradient boosting,0.916,Gradient boosting (0.916)
0,0.07142857142857142,Gradient boosting,0.916,Gradient boosting (0.916)
0,0.08333333333333333,Gradient boosting,0.916,Gradient boosting (0.916)
0,0.09523809523809523,Gradient boosting,0.916,Gradient boosting (0.916)
0,0.10714285714285714,Gradient boosting,0.916,Gradient boosting (0.916)
0,0.11904761904761904,Gradient boosting,0.916,Gradient boosting (0.916)
0,0.13095238095238096,Gradient boosting,0.916,Gradient boosting (0.916)
0,0.14285714285714285,Gradient boosting,0.916,Gradient boosting (0.916)
0,0.15476190476190477,Gradient boosting,0.916,Gradient boosting (0.916)
0,0.16666666666666666,Gradient boosting,0.916,Gradient boosting (0.916)
0,0.17857142857142858,Gradient boosting,0.916,Gradient boosting (0.916)
0,0.19047619047619047,Gradient boosting,0.916,Gradient boosting (0.916)
0,0.20238095238095238,Gradient boosting,0.916,Gradient boosting (0.916)
0,0.21428571428571427,Gradient boosting,0.916,Gradient boosting (0.916)
0,0.2261904761904762,Gradient boosting,0.916,Gradient boosting (0.916)
0,0.25,Gradient boosting,0.916,Gradient boosting (0.916)
0,0.2619047619047619,Gradient boosting,0.916,Gradient boosting (0.916)
0,0.2857142857142857,Gradient boosting,0.916,Gradient boosting (0.916)
0,0.2976190476190476,Gradient boosting,0.916,Gradient boosting (0.916)
0,0.30952380952380953,Gradient boosting,0.916,Gradient boosting (0.916)
0,0.32142857142857145,Gradient boosting,0.916,Gradient boosting (0.916)
0,0.3333333333333333,Gradient boosting,0.916,Gradient boosting (0.916)
0,0.34523809523809523,Gradient boosting,0.916,Gradient boosting (0.916)
0,0.35714285714285715,Gradient boosting,0.916,Gradient boosting (0.916)
0,0.36904761904761907,Gradient boosting,0.916,Gradient boosting (0.916)
0,0.38095238095238093,Gradient boosting,0.916,Gradient boosting (0.916)
0,0.39285714285714285,Gradient boosting,0.916,Gradient boosting (0.916)
0,0.40476190476190477,Gradient boosting,0.916,Gradient boosting (0.916)
0,0.4166666666666667,Gradient boosting,0.916,Gradient boosting (0.916)
0,0.44047619047619047,Gradient boosting,0.916,Gradient boosting (0.916)
0,0.4523809523809524,Gradient boosting,0.916,Gradient boosting (0.916)
0,0.47619047619047616,Gradient boosting,0.916,Gradient boosting (0.916)
0,0.4880952380952381,Gradient boosting,0.916,Gradient boosting (0.916)
0,0.5,Gradient boosting,0.916,Gradient boosting (0.916)
0,0.5119047619047619,Gradient boosting,0.916,Gradient boosting (0.916)
0,0.5238095238095238,Gradient boosting,0.916,Gradient boosting (0.916)
0,0.5357142857142857,Gradient boosting,0.916,Gradient boosting (0.916)
0,0.5476190476190477,Gradient boosting,0.916,Gradient boosting (0.916)
0,0.5595238095238095,Gradient boosting,0.916,Gradient boosting (0.916)
0,0.5714285714285714,Gradient boosting,0.916,Gradient boosting (0.916)
0,0.5833333333333334,Gradient boosting,0.916,Gradient boosting (0.916)
0,0.5952380952380952,Gradient boosting,0.916,Gradient boosting (0.916)
0,0.6071428571428571,Gradient boosting,0.916,Gradient boosting (0.916)
0,0.6190476190476191,Gradient boosting,0.916,Gradient boosting (0.916)
0,0.6309523809523809,Gradient boosting,0.916,Gradient boosting (0.916)
0,0.6428571428571429,Gradient boosting,0.916,Gradient boosting (0.916)
0,0.6547619047619048,Gradient boosting,0.916,Gradient boosting (0.916)
0,0.6666666666666666,Gradient boosting,0.916,Gradient boosting (0.916)
0,0.6785714285714286,Gradient boosting,0.916,Gradient boosting (0.916)
0,0.6904761904761905,Gradient boosting,0.916,Gradient boosting (0.916)
0,0.7023809523809523,Gradient boosting,0.916,Gradient boosting (0.916)
0,0.7142857142857143,Gradient boosting,0.916,Gradient boosting (0.916)
0,0.7261904761904762,Gradient boosting,0.916,Gradient boosting (0.916)
0,0.7380952380952381,Gradient boosting,0.916,Gradient boosting (0.916)
0,0.75,Gradient boosting,0.916,Gradient boosting (0.916)
0.047619047619047616,0.75,Gradient boosting,0.916,Gradient boosting (0.916)
0.047619047619047616,0.7619047619047619,Gradient boosting,0.916,Gradient boosting (0.916)
0.047619047619047616,0.7738095238095238,Gradient boosting,0.916,Gradient boosting (0.916)
0.09523809523809523,0.7738095238095238,Gradient boosting,0.916,Gradient boosting (0.916)
0.09523809523809523,0.7857142857142857,Gradient boosting,0.916,Gradient boosting (0.916)
0.09523809523809523,0.7976190476190477,Gradient boosting,0.916,Gradient boosting (0.916)
0.09523809523809523,0.8095238095238095,Gradient boosting,0.916,Gradient boosting (0.916)
0.14285714285714285,0.8095238095238095,Gradient boosting,0.916,Gradient boosting (0.916)
0.14285714285714285,0.8214285714285714,Gradient boosting,0.916,Gradient boosting (0.916)
0.19047619047619047,0.8214285714285714,Gradient boosting,0.916,Gradient boosting (0.916)
0.23809523809523808,0.8214285714285714,Gradient boosting,0.916,Gradient boosting (0.916)
0.23809523809523808,0.8333333333333334,Gradient boosting,0.916,Gradient boosting (0.916)
0.23809523809523808,0.8452380952380952,Gradient boosting,0.916,Gradient boosting (0.916)
0.2857142857142857,0.8452380952380952,Gradient boosting,0.916,Gradient boosting (0.916)
0.3333333333333333,0.8452380952380952,Gradient boosting,0.916,Gradient boosting (0.916)
0.38095238095238093,0.8452380952380952,Gradient boosting,0.916,Gradient boosting (0.916)
0.38095238095238093,0.8571428571428571,Gradient boosting,0.916,Gradient boosting (0.916)
0.38095238095238093,0.8690476190476191,Gradient boosting,0.916,Gradient boosting (0.916)
0.38095238095238093,0.8809523809523809,Gradient boosting,0.916,Gradient boosting (0.916)
0.38095238095238093,0.8928571428571429,Gradient boosting,0.916,Gradient boosting (0.916)
0.42857142857142855,0.8928571428571429,Gradient boosting,0.916,Gradient boosting (0.916)
0.47619047619047616,0.8928571428571429,Gradient boosting,0.916,Gradient boosting (0.916)
0.47619047619047616,0.9047619047619048,Gradient boosting,0.916,Gradient boosting (0.916)
0.47619047619047616,0.9166666666666666,Gradient boosting,0.916,Gradient boosting (0.916)
0.47619047619047616,0.9285714285714286,Gradient boosting,0.916,Gradient boosting (0.916)
0.47619047619047616,0.9404761904761905,Gradient boosting,0.916,Gradient boosting (0.916)
0.47619047619047616,0.9523809523809523,Gradient boosting,0.916,Gradient boosting (0.916)
0.47619047619047616,0.9642857142857143,Gradient boosting,0.916,Gradient boosting (0.916)
0.47619047619047616,0.9761904761904762,Gradient boosting,0.916,Gradient boosting (0.916)
0.5238095238095238,0.9761904761904762,Gradient boosting,0.916,Gradient boosting (0.916)
0.5714285714285714,0.9761904761904762,Gradient boosting,0.916,Gradient boosting (0.916)
0.6190476190476191,0.9761904761904762,Gradient boosting,0.916,Gradient boosting (0.916)
0.6666666666666666,0.9761904761904762,Gradient boosting,0.916,Gradient boosting (0.916)
0.6666666666666666,0.9880952380952381,Gradient boosting,0.916,Gradient boosting (0.916)
0.7142857142857143,0.9880952380952381,Gradient boosting,0.916,Gradient boosting (0.916)
0.7619047619047619,0.9880952380952381,Gradient boosting,0.916,Gradient boosting (0.916)
0.7619047619047619,1,Gradient boosting,0.916,Gradient boosting (0.916)
0.8095238095238095,1,Gradient boosting,0.916,Gradient boosting (0.916)
0.8571428571428571,1,Gradient boosting,0.916,Gradient boosting (0.916)
0.9047619047619048,1,Gradient boosting,0.916,Gradient boosting (0.916)
0.9523809523809523,1,Gradient boosting,0.916,Gradient boosting (0.916)
1,1,Gradient boosting,0.916,Gradient boosting (0.916)
0,0,Lasso,0.911,Lasso (0.911)
0,0.011904761904761904,Lasso,0.911,Lasso (0.911)
0,0.023809523809523808,Lasso,0.911,Lasso (0.911)
0,0.03571428571428571,Lasso,0.911,Lasso (0.911)
0,0.047619047619047616,Lasso,0.911,Lasso (0.911)
0,0.05952380952380952,Lasso,0.911,Lasso (0.911)
0,0.07142857142857142,Lasso,0.911,Lasso (0.911)
0,0.08333333333333333,Lasso,0.911,Lasso (0.911)
0,0.09523809523809523,Lasso,0.911,Lasso (0.911)
0,0.10714285714285714,Lasso,0.911,Lasso (0.911)
0,0.11904761904761904,Lasso,0.911,Lasso (0.911)
0,0.13095238095238096,Lasso,0.911,Lasso (0.911)
0,0.14285714285714285,Lasso,0.911,Lasso (0.911)
0,0.15476190476190477,Lasso,0.911,Lasso (0.911)
0,0.16666666666666666,Lasso,0.911,Lasso (0.911)
0,0.17857142857142858,Lasso,0.911,Lasso (0.911)
0,0.19047619047619047,Lasso,0.911,Lasso (0.911)
0,0.21428571428571427,Lasso,0.911,Lasso (0.911)
0,0.2261904761904762,Lasso,0.911,Lasso (0.911)
0,0.25,Lasso,0.911,Lasso (0.911)
0,0.2619047619047619,Lasso,0.911,Lasso (0.911)
0,0.27380952380952384,Lasso,0.911,Lasso (0.911)
0,0.2857142857142857,Lasso,0.911,Lasso (0.911)
0,0.2976190476190476,Lasso,0.911,Lasso (0.911)
0,0.30952380952380953,Lasso,0.911,Lasso (0.911)
0,0.3333333333333333,Lasso,0.911,Lasso (0.911)
0,0.34523809523809523,Lasso,0.911,Lasso (0.911)
0,0.35714285714285715,Lasso,0.911,Lasso (0.911)
0,0.36904761904761907,Lasso,0.911,Lasso (0.911)
0,0.38095238095238093,Lasso,0.911,Lasso (0.911)
0,0.40476190476190477,Lasso,0.911,Lasso (0.911)
0,0.4166666666666667,Lasso,0.911,Lasso (0.911)
0,0.42857142857142855,Lasso,0.911,Lasso (0.911)
0,0.44047619047619047,Lasso,0.911,Lasso (0.911)
0,0.4523809523809524,Lasso,0.911,Lasso (0.911)
0,0.4642857142857143,Lasso,0.911,Lasso (0.911)
0,0.47619047619047616,Lasso,0.911,Lasso (0.911)
0,0.4880952380952381,Lasso,0.911,Lasso (0.911)
0,0.5,Lasso,0.911,Lasso (0.911)
0,0.5119047619047619,Lasso,0.911,Lasso (0.911)
0,0.5238095238095238,Lasso,0.911,Lasso (0.911)
0,0.5357142857142857,Lasso,0.911,Lasso (0.911)
0,0.5476190476190477,Lasso,0.911,Lasso (0.911)
0,0.5595238095238095,Lasso,0.911,Lasso (0.911)
0,0.5714285714285714,Lasso,0.911,Lasso (0.911)
0,0.5833333333333334,Lasso,0.911,Lasso (0.911)
0,0.5952380952380952,Lasso,0.911,Lasso (0.911)
0,0.6071428571428571,Lasso,0.911,Lasso (0.911)
0,0.6190476190476191,Lasso,0.911,Lasso (0.911)
0,0.6309523809523809,Lasso,0.911,Lasso (0.911)
0,0.6428571428571429,Lasso,0.911,Lasso (0.911)
0,0.6547619047619048,Lasso,0.911,Lasso (0.911)
0.047619047619047616,0.6547619047619048,Lasso,0.911,Lasso (0.911)
0.047619047619047616,0.6666666666666666,Lasso,0.911,Lasso (0.911)
0.047619047619047616,0.6785714285714286,Lasso,0.911,Lasso (0.911)
0.047619047619047616,0.6904761904761905,Lasso,0.911,Lasso (0.911)
0.047619047619047616,0.7023809523809523,Lasso,0.911,Lasso (0.911)
0.047619047619047616,0.7142857142857143,Lasso,0.911,Lasso (0.911)
0.047619047619047616,0.7261904761904762,Lasso,0.911,Lasso (0.911)
0.047619047619047616,0.7380952380952381,Lasso,0.911,Lasso (0.911)
0.047619047619047616,0.75,Lasso,0.911,Lasso (0.911)
0.047619047619047616,0.7619047619047619,Lasso,0.911,Lasso (0.911)
0.047619047619047616,0.7738095238095238,Lasso,0.911,Lasso (0.911)
0.047619047619047616,0.7857142857142857,Lasso,0.911,Lasso (0.911)
0.047619047619047616,0.7976190476190477,Lasso,0.911,Lasso (0.911)
0.09523809523809523,0.7976190476190477,Lasso,0.911,Lasso (0.911)
0.09523809523809523,0.8095238095238095,Lasso,0.911,Lasso (0.911)
0.14285714285714285,0.8095238095238095,Lasso,0.911,Lasso (0.911)
0.14285714285714285,0.8214285714285714,Lasso,0.911,Lasso (0.911)
0.19047619047619047,0.8214285714285714,Lasso,0.911,Lasso (0.911)
0.19047619047619047,0.8333333333333334,Lasso,0.911,Lasso (0.911)
0.23809523809523808,0.8333333333333334,Lasso,0.911,Lasso (0.911)
0.23809523809523808,0.8452380952380952,Lasso,0.911,Lasso (0.911)
0.23809523809523808,0.8571428571428571,Lasso,0.911,Lasso (0.911)
0.23809523809523808,0.8690476190476191,Lasso,0.911,Lasso (0.911)
0.23809523809523808,0.8809523809523809,Lasso,0.911,Lasso (0.911)
0.2857142857142857,0.8809523809523809,Lasso,0.911,Lasso (0.911)
0.2857142857142857,0.8928571428571429,Lasso,0.911,Lasso (0.911)
0.3333333333333333,0.8928571428571429,Lasso,0.911,Lasso (0.911)
0.3333333333333333,0.9047619047619048,Lasso,0.911,Lasso (0.911)
0.38095238095238093,0.9047619047619048,Lasso,0.911,Lasso (0.911)
0.42857142857142855,0.9047619047619048,Lasso,0.911,Lasso (0.911)
0.42857142857142855,0.9166666666666666,Lasso,0.911,Lasso (0.911)
0.47619047619047616,0.9166666666666666,Lasso,0.911,Lasso (0.911)
0.47619047619047616,0.9285714285714286,Lasso,0.911,Lasso (0.911)
0.5238095238095238,0.9285714285714286,Lasso,0.911,Lasso (0.911)
0.5238095238095238,0.9404761904761905,Lasso,0.911,Lasso (0.911)
0.5714285714285714,0.9404761904761905,Lasso,0.911,Lasso (0.911)
0.6190476190476191,0.9404761904761905,Lasso,0.911,Lasso (0.911)
0.6190476190476191,0.9523809523809523,Lasso,0.911,Lasso (0.911)
0.6666666666666666,0.9523809523809523,Lasso,0.911,Lasso (0.911)
0.6666666666666666,0.9642857142857143,Lasso,0.911,Lasso (0.911)
0.6666666666666666,0.9761904761904762,Lasso,0.911,Lasso (0.911)
0.7142857142857143,0.9761904761904762,Lasso,0.911,Lasso (0.911)
0.7619047619047619,0.9761904761904762,Lasso,0.911,Lasso (0.911)
0.7619047619047619,0.9880952380952381,Lasso,0.911,Lasso (0.911)
0.7619047619047619,1,Lasso,0.911,Lasso (0.911)
0.8095238095238095,1,Lasso,0.911,Lasso (0.911)
0.8571428571428571,1,Lasso,0.911,Lasso (0.911)
0.9047619047619048,1,Lasso,0.911,Lasso (0.911)
0.9523809523809523,1,Lasso,0.911,Lasso (0.911)
1,1,Lasso,0.911,Lasso (0.911)
0,0,Multi-layer neural network,0.876,Multi-layer neural network (0.876)
0,0.011904761904761904,Multi-layer neural network,0.876,Multi-layer neural network (0.876)
0,0.023809523809523808,Multi-layer neural network,0.876,Multi-layer neural network (0.876)
0,0.03571428571428571,Multi-layer neural network,0.876,Multi-layer neural network (0.876)
0,0.047619047619047616,Multi-layer neural network,0.876,Multi-layer neural network (0.876)
0,0.05952380952380952,Multi-layer neural network,0.876,Multi-layer neural network (0.876)
0,0.07142857142857142,Multi-layer neural network,0.876,Multi-layer neural network (0.876)
0,0.08333333333333333,Multi-layer neural network,0.876,Multi-layer neural network (0.876)
0,0.09523809523809523,Multi-layer neural network,0.876,Multi-layer neural network (0.876)
0,0.10714285714285714,Multi-layer neural network,0.876,Multi-layer neural network (0.876)
0,0.11904761904761904,Multi-layer neural network,0.876,Multi-layer neural network (0.876)
0,0.13095238095238096,Multi-layer neural network,0.876,Multi-layer neural network (0.876)
0,0.14285714285714285,Multi-layer neural network,0.876,Multi-layer neural network (0.876)
0,0.15476190476190477,Multi-layer neural network,0.876,Multi-layer neural network (0.876)
0,0.17857142857142858,Multi-layer neural network,0.876,Multi-layer neural network (0.876)
0,0.19047619047619047,Multi-layer neural network,0.876,Multi-layer neural network (0.876)
0,0.20238095238095238,Multi-layer neural network,0.876,Multi-layer neural network (0.876)
0,0.21428571428571427,Multi-layer neural network,0.876,Multi-layer neural network (0.876)
0,0.2261904761904762,Multi-layer neural network,0.876,Multi-layer neural network (0.876)
0,0.23809523809523808,Multi-layer neural network,0.876,Multi-layer neural network (0.876)
0,0.25,Multi-layer neural network,0.876,Multi-layer neural network (0.876)
0,0.2619047619047619,Multi-layer neural network,0.876,Multi-layer neural network (0.876)
0,0.27380952380952384,Multi-layer neural network,0.876,Multi-layer neural network (0.876)
0,0.2857142857142857,Multi-layer neural network,0.876,Multi-layer neural network (0.876)
0,0.2976190476190476,Multi-layer neural network,0.876,Multi-layer neural network (0.876)
0,0.30952380952380953,Multi-layer neural network,0.876,Multi-layer neural network (0.876)
0,0.32142857142857145,Multi-layer neural network,0.876,Multi-layer neural network (0.876)
0,0.3333333333333333,Multi-layer neural network,0.876,Multi-layer neural network (0.876)
0,0.34523809523809523,Multi-layer neural network,0.876,Multi-layer neural network (0.876)
0,0.35714285714285715,Multi-layer neural network,0.876,Multi-layer neural network (0.876)
0,0.36904761904761907,Multi-layer neural network,0.876,Multi-layer neural network (0.876)
0,0.38095238095238093,Multi-layer neural network,0.876,Multi-layer neural network (0.876)
0,0.39285714285714285,Multi-layer neural network,0.876,Multi-layer neural network (0.876)
0,0.4166666666666667,Multi-layer neural network,0.876,Multi-layer neural network (0.876)
0,0.42857142857142855,Multi-layer neural network,0.876,Multi-layer neural network (0.876)
0,0.4523809523809524,Multi-layer neural network,0.876,Multi-layer neural network (0.876)
0,0.4642857142857143,Multi-layer neural network,0.876,Multi-layer neural network (0.876)
0,0.47619047619047616,Multi-layer neural network,0.876,Multi-layer neural network (0.876)
0,0.4880952380952381,Multi-layer neural network,0.876,Multi-layer neural network (0.876)
0,0.5,Multi-layer neural network,0.876,Multi-layer neural network (0.876)
0,0.5238095238095238,Multi-layer neural network,0.876,Multi-layer neural network (0.876)
0,0.5357142857142857,Multi-layer neural network,0.876,Multi-layer neural network (0.876)
0,0.5476190476190477,Multi-layer neural network,0.876,Multi-layer neural network (0.876)
0,0.5595238095238095,Multi-layer neural network,0.876,Multi-layer neural network (0.876)
0,0.5714285714285714,Multi-layer neural network,0.876,Multi-layer neural network (0.876)
0,0.5833333333333334,Multi-layer neural network,0.876,Multi-layer neural network (0.876)
0,0.5952380952380952,Multi-layer neural network,0.876,Multi-layer neural network (0.876)
0,0.6071428571428571,Multi-layer neural network,0.876,Multi-layer neural network (0.876)
0,0.6190476190476191,Multi-layer neural network,0.876,Multi-layer neural network (0.876)
0,0.6309523809523809,Multi-layer neural network,0.876,Multi-layer neural network (0.876)
0,0.6428571428571429,Multi-layer neural network,0.876,Multi-layer neural network (0.876)
0,0.6547619047619048,Multi-layer neural network,0.876,Multi-layer neural network (0.876)
0,0.6666666666666666,Multi-layer neural network,0.876,Multi-layer neural network (0.876)
0,0.6785714285714286,Multi-layer neural network,0.876,Multi-layer neural network (0.876)
0,0.6904761904761905,Multi-layer neural network,0.876,Multi-layer neural network (0.876)
0,0.7023809523809523,Multi-layer neural network,0.876,Multi-layer neural network (0.876)
0,0.7142857142857143,Multi-layer neural network,0.876,Multi-layer neural network (0.876)
0,0.7261904761904762,Multi-layer neural network,0.876,Multi-layer neural network (0.876)
0,0.7380952380952381,Multi-layer neural network,0.876,Multi-layer neural network (0.876)
0,0.75,Multi-layer neural network,0.876,Multi-layer neural network (0.876)
0.047619047619047616,0.75,Multi-layer neural network,0.876,Multi-layer neural network (0.876)
0.047619047619047616,0.7619047619047619,Multi-layer neural network,0.876,Multi-layer neural network (0.876)
0.047619047619047616,0.7738095238095238,Multi-layer neural network,0.876,Multi-layer neural network (0.876)
0.047619047619047616,0.7857142857142857,Multi-layer neural network,0.876,Multi-layer neural network (0.876)
0.09523809523809523,0.7857142857142857,Multi-layer neural network,0.876,Multi-layer neural network (0.876)
0.14285714285714285,0.7857142857142857,Multi-layer neural network,0.876,Multi-layer neural network (0.876)
0.19047619047619047,0.7857142857142857,Multi-layer neural network,0.876,Multi-layer neural network (0.876)
0.19047619047619047,0.7976190476190477,Multi-layer neural network,0.876,Multi-layer neural network (0.876)
0.23809523809523808,0.7976190476190477,Multi-layer neural network,0.876,Multi-layer neural network (0.876)
0.2857142857142857,0.7976190476190477,Multi-layer neural network,0.876,Multi-layer neural network (0.876)
0.3333333333333333,0.7976190476190477,Multi-layer neural network,0.876,Multi-layer neural network (0.876)
0.38095238095238093,0.7976190476190477,Multi-layer neural network,0.876,Multi-layer neural network (0.876)
0.38095238095238093,0.8095238095238095,Multi-layer neural network,0.876,Multi-layer neural network (0.876)
0.42857142857142855,0.8095238095238095,Multi-layer neural network,0.876,Multi-layer neural network (0.876)
0.42857142857142855,0.8214285714285714,Multi-layer neural network,0.876,Multi-layer neural network (0.876)
0.47619047619047616,0.8214285714285714,Multi-layer neural network,0.876,Multi-layer neural network (0.876)
0.47619047619047616,0.8333333333333334,Multi-layer neural network,0.876,Multi-layer neural network (0.876)
0.47619047619047616,0.8452380952380952,Multi-layer neural network,0.876,Multi-layer neural network (0.876)
0.5238095238095238,0.8452380952380952,Multi-layer neural network,0.876,Multi-layer neural network (0.876)
0.5238095238095238,0.8571428571428571,Multi-layer neural network,0.876,Multi-layer neural network (0.876)
0.5238095238095238,0.8690476190476191,Multi-layer neural network,0.876,Multi-layer neural network (0.876)
0.5714285714285714,0.8690476190476191,Multi-layer neural network,0.876,Multi-layer neural network (0.876)
0.5714285714285714,0.8809523809523809,Multi-layer neural network,0.876,Multi-layer neural network (0.876)
0.5714285714285714,0.8928571428571429,Multi-layer neural network,0.876,Multi-layer neural network (0.876)
0.5714285714285714,0.9047619047619048,Multi-layer neural network,0.876,Multi-layer neural network (0.876)
0.5714285714285714,0.9166666666666666,Multi-layer neural network,0.876,Multi-layer neural network (0.876)
0.5714285714285714,0.9285714285714286,Multi-layer neural network,0.876,Multi-layer neural network (0.876)
0.6190476190476191,0.9285714285714286,Multi-layer neural network,0.876,Multi-layer neural network (0.876)
0.6666666666666666,0.9285714285714286,Multi-layer neural network,0.876,Multi-layer neural network (0.876)
0.6666666666666666,0.9404761904761905,Multi-layer neural network,0.876,Multi-layer neural network (0.876)
0.7142857142857143,0.9404761904761905,Multi-layer neural network,0.876,Multi-layer neural network (0.876)
0.7619047619047619,0.9404761904761905,Multi-layer neural network,0.876,Multi-layer neural network (0.876)
0.7619047619047619,0.9523809523809523,Multi-layer neural network,0.876,Multi-layer neural network (0.876)
0.7619047619047619,0.9642857142857143,Multi-layer neural network,0.876,Multi-layer neural network (0.876)
0.8095238095238095,0.9642857142857143,Multi-layer neural network,0.876,Multi-layer neural network (0.876)
0.8095238095238095,0.9761904761904762,Multi-layer neural network,0.876,Multi-layer neural network (0.876)
0.8571428571428571,0.9761904761904762,Multi-layer neural network,0.876,Multi-layer neural network (0.876)
0.9047619047619048,0.9761904761904762,Multi-layer neural network,0.876,Multi-layer neural network (0.876)
0.9047619047619048,0.9880952380952381,Multi-layer neural network,0.876,Multi-layer neural network (0.876)
0.9523809523809523,0.9880952380952381,Multi-layer neural network,0.876,Multi-layer neural network (0.876)
1,0.9880952380952381,Multi-layer neural network,0.876,Multi-layer neural network (0.876)
1,1,Multi-layer neural network,0.876,Multi-layer neural network (0.876)
0,0,Naive bayes,0.932,Naive bayes (0.932)
0,0.011904761904761904,Naive bayes,0.932,Naive bayes (0.932)
0,0.023809523809523808,Naive bayes,0.932,Naive bayes (0.932)
0,0.047619047619047616,Naive bayes,0.932,Naive bayes (0.932)
0,0.05952380952380952,Naive bayes,0.932,Naive bayes (0.932)
0,0.07142857142857142,Naive bayes,0.932,Naive bayes (0.932)
0,0.08333333333333333,Naive bayes,0.932,Naive bayes (0.932)
0,0.09523809523809523,Naive bayes,0.932,Naive bayes (0.932)
0,0.10714285714285714,Naive bayes,0.932,Naive bayes (0.932)
0,0.11904761904761904,Naive bayes,0.932,Naive bayes (0.932)
0,0.13095238095238096,Naive bayes,0.932,Naive bayes (0.932)
0,0.14285714285714285,Naive bayes,0.932,Naive bayes (0.932)
0,0.15476190476190477,Naive bayes,0.932,Naive bayes (0.932)
0,0.16666666666666666,Naive bayes,0.932,Naive bayes (0.932)
0,0.17857142857142858,Naive bayes,0.932,Naive bayes (0.932)
0,0.20238095238095238,Naive bayes,0.932,Naive bayes (0.932)
0,0.21428571428571427,Naive bayes,0.932,Naive bayes (0.932)
0,0.23809523809523808,Naive bayes,0.932,Naive bayes (0.932)
0,0.25,Naive bayes,0.932,Naive bayes (0.932)
0,0.2619047619047619,Naive bayes,0.932,Naive bayes (0.932)
0,0.27380952380952384,Naive bayes,0.932,Naive bayes (0.932)
0,0.2857142857142857,Naive bayes,0.932,Naive bayes (0.932)
0,0.2976190476190476,Naive bayes,0.932,Naive bayes (0.932)
0,0.32142857142857145,Naive bayes,0.932,Naive bayes (0.932)
0,0.3333333333333333,Naive bayes,0.932,Naive bayes (0.932)
0,0.34523809523809523,Naive bayes,0.932,Naive bayes (0.932)
0,0.35714285714285715,Naive bayes,0.932,Naive bayes (0.932)
0,0.36904761904761907,Naive bayes,0.932,Naive bayes (0.932)
0,0.38095238095238093,Naive bayes,0.932,Naive bayes (0.932)
0,0.39285714285714285,Naive bayes,0.932,Naive bayes (0.932)
0,0.40476190476190477,Naive bayes,0.932,Naive bayes (0.932)
0,0.4166666666666667,Naive bayes,0.932,Naive bayes (0.932)
0,0.42857142857142855,Naive bayes,0.932,Naive bayes (0.932)
0,0.44047619047619047,Naive bayes,0.932,Naive bayes (0.932)
0,0.4523809523809524,Naive bayes,0.932,Naive bayes (0.932)
0,0.4642857142857143,Naive bayes,0.932,Naive bayes (0.932)
0,0.47619047619047616,Naive bayes,0.932,Naive bayes (0.932)
0,0.4880952380952381,Naive bayes,0.932,Naive bayes (0.932)
0.047619047619047616,0.4880952380952381,Naive bayes,0.932,Naive bayes (0.932)
0.047619047619047616,0.5,Naive bayes,0.932,Naive bayes (0.932)
0.047619047619047616,0.5119047619047619,Naive bayes,0.932,Naive bayes (0.932)
0.047619047619047616,0.5238095238095238,Naive bayes,0.932,Naive bayes (0.932)
0.047619047619047616,0.5357142857142857,Naive bayes,0.932,Naive bayes (0.932)
0.047619047619047616,0.5476190476190477,Naive bayes,0.932,Naive bayes (0.932)
0.047619047619047616,0.5595238095238095,Naive bayes,0.932,Naive bayes (0.932)
0.047619047619047616,0.5714285714285714,Naive bayes,0.932,Naive bayes (0.932)
0.047619047619047616,0.5833333333333334,Naive bayes,0.932,Naive bayes (0.932)
0.047619047619047616,0.5952380952380952,Naive bayes,0.932,Naive bayes (0.932)
0.047619047619047616,0.6071428571428571,Naive bayes,0.932,Naive bayes (0.932)
0.047619047619047616,0.6190476190476191,Naive bayes,0.932,Naive bayes (0.932)
0.047619047619047616,0.6309523809523809,Naive bayes,0.932,Naive bayes (0.932)
0.047619047619047616,0.6428571428571429,Naive bayes,0.932,Naive bayes (0.932)
0.047619047619047616,0.6547619047619048,Naive bayes,0.932,Naive bayes (0.932)
0.047619047619047616,0.6666666666666666,Naive bayes,0.932,Naive bayes (0.932)
0.047619047619047616,0.6785714285714286,Naive bayes,0.932,Naive bayes (0.932)
0.047619047619047616,0.6904761904761905,Naive bayes,0.932,Naive bayes (0.932)
0.047619047619047616,0.7023809523809523,Naive bayes,0.932,Naive bayes (0.932)
0.047619047619047616,0.7142857142857143,Naive bayes,0.932,Naive bayes (0.932)
0.047619047619047616,0.7261904761904762,Naive bayes,0.932,Naive bayes (0.932)
0.047619047619047616,0.7380952380952381,Naive bayes,0.932,Naive bayes (0.932)
0.047619047619047616,0.75,Naive bayes,0.932,Naive bayes (0.932)
0.047619047619047616,0.7619047619047619,Naive bayes,0.932,Naive bayes (0.932)
0.047619047619047616,0.7738095238095238,Naive bayes,0.932,Naive bayes (0.932)
0.047619047619047616,0.7857142857142857,Naive bayes,0.932,Naive bayes (0.932)
0.047619047619047616,0.7976190476190477,Naive bayes,0.932,Naive bayes (0.932)
0.047619047619047616,0.8095238095238095,Naive bayes,0.932,Naive bayes (0.932)
0.047619047619047616,0.8214285714285714,Naive bayes,0.932,Naive bayes (0.932)
0.047619047619047616,0.8333333333333334,Naive bayes,0.932,Naive bayes (0.932)
0.047619047619047616,0.8452380952380952,Naive bayes,0.932,Naive bayes (0.932)
0.047619047619047616,0.8571428571428571,Naive bayes,0.932,Naive bayes (0.932)
0.047619047619047616,0.8690476190476191,Naive bayes,0.932,Naive bayes (0.932)
0.047619047619047616,0.8809523809523809,Naive bayes,0.932,Naive bayes (0.932)
0.09523809523809523,0.8809523809523809,Naive bayes,0.932,Naive bayes (0.932)
0.14285714285714285,0.8809523809523809,Naive bayes,0.932,Naive bayes (0.932)
0.14285714285714285,0.8928571428571429,Naive bayes,0.932,Naive bayes (0.932)
0.19047619047619047,0.8928571428571429,Naive bayes,0.932,Naive bayes (0.932)
0.19047619047619047,0.9047619047619048,Naive bayes,0.932,Naive bayes (0.932)
0.23809523809523808,0.9047619047619048,Naive bayes,0.932,Naive bayes (0.932)
0.23809523809523808,0.9166666666666666,Naive bayes,0.932,Naive bayes (0.932)
0.2857142857142857,0.9166666666666666,Naive bayes,0.932,Naive bayes (0.932)
0.3333333333333333,0.9166666666666666,Naive bayes,0.932,Naive bayes (0.932)
0.3333333333333333,0.9285714285714286,Naive bayes,0.932,Naive bayes (0.932)
0.3333333333333333,0.9404761904761905,Naive bayes,0.932,Naive bayes (0.932)
0.3333333333333333,0.9523809523809523,Naive bayes,0.932,Naive bayes (0.932)
0.38095238095238093,0.9523809523809523,Naive bayes,0.932,Naive bayes (0.932)
0.42857142857142855,0.9523809523809523,Naive bayes,0.932,Naive bayes (0.932)
0.47619047619047616,0.9523809523809523,Naive bayes,0.932,Naive bayes (0.932)
0.5238095238095238,0.9523809523809523,Naive bayes,0.932,Naive bayes (0.932)
0.5714285714285714,0.9523809523809523,Naive bayes,0.932,Naive bayes (0.932)
0.5714285714285714,0.9642857142857143,Naive bayes,0.932,Naive bayes (0.932)
0.5714285714285714,0.9761904761904762,Naive bayes,0.932,Naive bayes (0.932)
0.6190476190476191,0.9761904761904762,Naive bayes,0.932,Naive bayes (0.932)
0.6666666666666666,0.9761904761904762,Naive bayes,0.932,Naive bayes (0.932)
0.7142857142857143,0.9761904761904762,Naive bayes,0.932,Naive bayes (0.932)
0.7619047619047619,0.9761904761904762,Naive bayes,0.932,Naive bayes (0.932)
0.7619047619047619,0.9880952380952381,Naive bayes,0.932,Naive bayes (0.932)
0.8095238095238095,0.9880952380952381,Naive bayes,0.932,Naive bayes (0.932)
0.8095238095238095,1,Naive bayes,0.932,Naive bayes (0.932)
0.8571428571428571,1,Naive bayes,0.932,Naive bayes (0.932)
0.9047619047619048,1,Naive bayes,0.932,Naive bayes (0.932)
0.9523809523809523,1,Naive bayes,0.932,Naive bayes (0.932)
1,1,Naive bayes,0.932,Naive bayes (0.932)
0,0,logistic,0.897,logistic (0.897)
0,0.011904761904761904,logistic,0.897,logistic (0.897)
0,0.023809523809523808,logistic,0.897,logistic (0.897)
0,0.03571428571428571,logistic,0.897,logistic (0.897)
0,0.047619047619047616,logistic,0.897,logistic (0.897)
0,0.05952380952380952,logistic,0.897,logistic (0.897)
0,0.08333333333333333,logistic,0.897,logistic (0.897)
0,0.09523809523809523,logistic,0.897,logistic (0.897)
0,0.11904761904761904,logistic,0.897,logistic (0.897)
0,0.13095238095238096,logistic,0.897,logistic (0.897)
0,0.14285714285714285,logistic,0.897,logistic (0.897)
0,0.15476190476190477,logistic,0.897,logistic (0.897)
0,0.16666666666666666,logistic,0.897,logistic (0.897)
0,0.17857142857142858,logistic,0.897,logistic (0.897)
0,0.19047619047619047,logistic,0.897,logistic (0.897)
0,0.20238095238095238,logistic,0.897,logistic (0.897)
0,0.21428571428571427,logistic,0.897,logistic (0.897)
0,0.2261904761904762,logistic,0.897,logistic (0.897)
0,0.23809523809523808,logistic,0.897,logistic (0.897)
0,0.25,logistic,0.897,logistic (0.897)
0,0.2619047619047619,logistic,0.897,logistic (0.897)
0,0.27380952380952384,logistic,0.897,logistic (0.897)
0,0.2857142857142857,logistic,0.897,logistic (0.897)
0,0.2976190476190476,logistic,0.897,logistic (0.897)
0,0.30952380952380953,logistic,0.897,logistic (0.897)
0,0.3333333333333333,logistic,0.897,logistic (0.897)
0,0.34523809523809523,logistic,0.897,logistic (0.897)
0,0.35714285714285715,logistic,0.897,logistic (0.897)
0,0.38095238095238093,logistic,0.897,logistic (0.897)
0,0.39285714285714285,logistic,0.897,logistic (0.897)
0,0.40476190476190477,logistic,0.897,logistic (0.897)
0,0.4166666666666667,logistic,0.897,logistic (0.897)
0,0.42857142857142855,logistic,0.897,logistic (0.897)
0,0.44047619047619047,logistic,0.897,logistic (0.897)
0,0.4523809523809524,logistic,0.897,logistic (0.897)
0,0.4642857142857143,logistic,0.897,logistic (0.897)
0,0.47619047619047616,logistic,0.897,logistic (0.897)
0,0.4880952380952381,logistic,0.897,logistic (0.897)
0,0.5,logistic,0.897,logistic (0.897)
0,0.5119047619047619,logistic,0.897,logistic (0.897)
0,0.5238095238095238,logistic,0.897,logistic (0.897)
0,0.5357142857142857,logistic,0.897,logistic (0.897)
0,0.5476190476190477,logistic,0.897,logistic (0.897)
0,0.5595238095238095,logistic,0.897,logistic (0.897)
0,0.5714285714285714,logistic,0.897,logistic (0.897)
0,0.5833333333333334,logistic,0.897,logistic (0.897)
0,0.5952380952380952,logistic,0.897,logistic (0.897)
0,0.6071428571428571,logistic,0.897,logistic (0.897)
0,0.6190476190476191,logistic,0.897,logistic (0.897)
0,0.6309523809523809,logistic,0.897,logistic (0.897)
0,0.6428571428571429,logistic,0.897,logistic (0.897)
0,0.6547619047619048,logistic,0.897,logistic (0.897)
0,0.6666666666666666,logistic,0.897,logistic (0.897)
0,0.6785714285714286,logistic,0.897,logistic (0.897)
0,0.6904761904761905,logistic,0.897,logistic (0.897)
0,0.7023809523809523,logistic,0.897,logistic (0.897)
0,0.7142857142857143,logistic,0.897,logistic (0.897)
0.047619047619047616,0.7142857142857143,logistic,0.897,logistic (0.897)
0.047619047619047616,0.7261904761904762,logistic,0.897,logistic (0.897)
0.047619047619047616,0.7380952380952381,logistic,0.897,logistic (0.897)
0.09523809523809523,0.7380952380952381,logistic,0.897,logistic (0.897)
0.09523809523809523,0.75,logistic,0.897,logistic (0.897)
0.14285714285714285,0.75,logistic,0.897,logistic (0.897)
0.14285714285714285,0.7619047619047619,logistic,0.897,logistic (0.897)
0.14285714285714285,0.7738095238095238,logistic,0.897,logistic (0.897)
0.14285714285714285,0.7857142857142857,logistic,0.897,logistic (0.897)
0.14285714285714285,0.7976190476190477,logistic,0.897,logistic (0.897)
0.14285714285714285,0.8095238095238095,logistic,0.897,logistic (0.897)
0.19047619047619047,0.8095238095238095,logistic,0.897,logistic (0.897)
0.19047619047619047,0.8214285714285714,logistic,0.897,logistic (0.897)
0.23809523809523808,0.8214285714285714,logistic,0.897,logistic (0.897)
0.23809523809523808,0.8333333333333334,logistic,0.897,logistic (0.897)
0.2857142857142857,0.8333333333333334,logistic,0.897,logistic (0.897)
0.2857142857142857,0.8452380952380952,logistic,0.897,logistic (0.897)
0.3333333333333333,0.8452380952380952,logistic,0.897,logistic (0.897)
0.38095238095238093,0.8452380952380952,logistic,0.897,logistic (0.897)
0.38095238095238093,0.8571428571428571,logistic,0.897,logistic (0.897)
0.38095238095238093,0.8690476190476191,logistic,0.897,logistic (0.897)
0.38095238095238093,0.8809523809523809,logistic,0.897,logistic (0.897)
0.38095238095238093,0.8928571428571429,logistic,0.897,logistic (0.897)
0.42857142857142855,0.8928571428571429,logistic,0.897,logistic (0.897)
0.47619047619047616,0.8928571428571429,logistic,0.897,logistic (0.897)
0.47619047619047616,0.9047619047619048,logistic,0.897,logistic (0.897)
0.47619047619047616,0.9166666666666666,logistic,0.897,logistic (0.897)
0.47619047619047616,0.9285714285714286,logistic,0.897,logistic (0.897)
0.5238095238095238,0.9285714285714286,logistic,0.897,logistic (0.897)
0.5238095238095238,0.9404761904761905,logistic,0.897,logistic (0.897)
0.5238095238095238,0.9523809523809523,logistic,0.897,logistic (0.897)
0.5714285714285714,0.9523809523809523,logistic,0.897,logistic (0.897)
0.6190476190476191,0.9523809523809523,logistic,0.897,logistic (0.897)
0.6666666666666666,0.9523809523809523,logistic,0.897,logistic (0.897)
0.6666666666666666,0.9642857142857143,logistic,0.897,logistic (0.897)
0.6666666666666666,0.9761904761904762,logistic,0.897,logistic (0.897)
0.7142857142857143,0.9761904761904762,logistic,0.897,logistic (0.897)
0.7619047619047619,0.9761904761904762,logistic,0.897,logistic (0.897)
0.8095238095238095,0.9761904761904762,logistic,0.897,logistic (0.897)
0.8095238095238095,0.9880952380952381,logistic,0.897,logistic (0.897)
0.8095238095238095,1,logistic,0.897,logistic (0.897)
0.8571428571428571,1,logistic,0.897,logistic (0.897)
0.9047619047619048,1,logistic,0.897,logistic (0.897)
0.9523809523809523,1,logistic,0.897,logistic (0.897)
1,1,logistic,0.897,logistic (0.897)
0,0,Random forest,0.915,Random forest (0.915)
0,0.42857142857142855,Random forest,0.915,Random forest (0.915)
0,0.44047619047619047,Random forest,0.915,Random forest (0.915)
0,0.4523809523809524,Random forest,0.915,Random forest (0.915)
0,0.4642857142857143,Random forest,0.915,Random forest (0.915)
0,0.4880952380952381,Random forest,0.915,Random forest (0.915)
0,0.5119047619047619,Random forest,0.915,Random forest (0.915)
0,0.5238095238095238,Random forest,0.915,Random forest (0.915)
0,0.5357142857142857,Random forest,0.915,Random forest (0.915)
0,0.5476190476190477,Random forest,0.915,Random forest (0.915)
0,0.5595238095238095,Random forest,0.915,Random forest (0.915)
0,0.5714285714285714,Random forest,0.915,Random forest (0.915)
0,0.5833333333333334,Random forest,0.915,Random forest (0.915)
0,0.5952380952380952,Random forest,0.915,Random forest (0.915)
0,0.6071428571428571,Random forest,0.915,Random forest (0.915)
0,0.6190476190476191,Random forest,0.915,Random forest (0.915)
0,0.6309523809523809,Random forest,0.915,Random forest (0.915)
0,0.6428571428571429,Random forest,0.915,Random forest (0.915)
0,0.6547619047619048,Random forest,0.915,Random forest (0.915)
0,0.6666666666666666,Random forest,0.915,Random forest (0.915)
0.047619047619047616,0.6666666666666666,Random forest,0.915,Random forest (0.915)
0.047619047619047616,0.6904761904761905,Random forest,0.915,Random forest (0.915)
0.047619047619047616,0.7023809523809523,Random forest,0.915,Random forest (0.915)
0.047619047619047616,0.7142857142857143,Random forest,0.915,Random forest (0.915)
0.047619047619047616,0.7261904761904762,Random forest,0.915,Random forest (0.915)
0.047619047619047616,0.7380952380952381,Random forest,0.915,Random forest (0.915)
0.047619047619047616,0.75,Random forest,0.915,Random forest (0.915)
0.047619047619047616,0.7619047619047619,Random forest,0.915,Random forest (0.915)
0.09523809523809523,0.7619047619047619,Random forest,0.915,Random forest (0.915)
0.14285714285714285,0.7619047619047619,Random forest,0.915,Random forest (0.915)
0.14285714285714285,0.7738095238095238,Random forest,0.915,Random forest (0.915)
0.14285714285714285,0.7857142857142857,Random forest,0.915,Random forest (0.915)
0.14285714285714285,0.7976190476190477,Random forest,0.915,Random forest (0.915)
0.14285714285714285,0.8095238095238095,Random forest,0.915,Random forest (0.915)
0.14285714285714285,0.8214285714285714,Random forest,0.915,Random forest (0.915)
0.19047619047619047,0.8214285714285714,Random forest,0.915,Random forest (0.915)
0.19047619047619047,0.8333333333333334,Random forest,0.915,Random forest (0.915)
0.23809523809523808,0.8333333333333334,Random forest,0.915,Random forest (0.915)
0.23809523809523808,0.8452380952380952,Random forest,0.915,Random forest (0.915)
0.23809523809523808,0.8571428571428571,Random forest,0.915,Random forest (0.915)
0.2857142857142857,0.8571428571428571,Random forest,0.915,Random forest (0.915)
0.2857142857142857,0.8690476190476191,Random forest,0.915,Random forest (0.915)
0.3333333333333333,0.8690476190476191,Random forest,0.915,Random forest (0.915)
0.3333333333333333,0.8809523809523809,Random forest,0.915,Random forest (0.915)
0.3333333333333333,0.8928571428571429,Random forest,0.915,Random forest (0.915)
0.3333333333333333,0.9047619047619048,Random forest,0.915,Random forest (0.915)
0.3333333333333333,0.9166666666666666,Random forest,0.915,Random forest (0.915)
0.38095238095238093,0.9166666666666666,Random forest,0.915,Random forest (0.915)
0.38095238095238093,0.9285714285714286,Random forest,0.915,Random forest (0.915)
0.42857142857142855,0.9285714285714286,Random forest,0.915,Random forest (0.915)
0.42857142857142855,0.9404761904761905,Random forest,0.915,Random forest (0.915)
0.47619047619047616,0.9404761904761905,Random forest,0.915,Random forest (0.915)
0.47619047619047616,0.9523809523809523,Random forest,0.915,Random forest (0.915)
0.47619047619047616,0.9642857142857143,Random forest,0.915,Random forest (0.915)
0.5238095238095238,0.9642857142857143,Random forest,0.915,Random forest (0.915)
0.5714285714285714,0.9642857142857143,Random forest,0.915,Random forest (0.915)
0.6190476190476191,0.9642857142857143,Random forest,0.915,Random forest (0.915)
0.6190476190476191,0.9761904761904762,Random forest,0.915,Random forest (0.915)
0.6666666666666666,0.9761904761904762,Random forest,0.915,Random forest (0.915)
0.6666666666666666,0.9880952380952381,Random forest,0.915,Random forest (0.915)
0.7142857142857143,0.9880952380952381,Random forest,0.915,Random forest (0.915)
0.7619047619047619,0.9880952380952381,Random forest,0.915,Random forest (0.915)
0.8095238095238095,0.9880952380952381,Random forest,0.915,Random forest (0.915)
0.8571428571428571,0.9880952380952381,Random forest,0.915,Random forest (0.915)
0.8571428571428571,1,Random forest,0.915,Random forest (0.915)
0.9047619047619048,1,Random forest,0.915,Random forest (0.915)
0.9523809523809523,1,Random forest,0.915,Random forest (0.915)
1,1,Random forest,0.915,Random forest (0.915)
0,0,Ridge,0.915,Ridge (0.915)
0,0.011904761904761904,Ridge,0.915,Ridge (0.915)
0,0.023809523809523808,Ridge,0.915,Ridge (0.915)
0,0.03571428571428571,Ridge,0.915,Ridge (0.915)
0,0.047619047619047616,Ridge,0.915,Ridge (0.915)
0,0.05952380952380952,Ridge,0.915,Ridge (0.915)
0,0.07142857142857142,Ridge,0.915,Ridge (0.915)
0,0.08333333333333333,Ridge,0.915,Ridge (0.915)
0,0.09523809523809523,Ridge,0.915,Ridge (0.915)
0,0.10714285714285714,Ridge,0.915,Ridge (0.915)
0,0.11904761904761904,Ridge,0.915,Ridge (0.915)
0,0.13095238095238096,Ridge,0.915,Ridge (0.915)
0,0.14285714285714285,Ridge,0.915,Ridge (0.915)
0,0.15476190476190477,Ridge,0.915,Ridge (0.915)
0,0.16666666666666666,Ridge,0.915,Ridge (0.915)
0,0.17857142857142858,Ridge,0.915,Ridge (0.915)
0,0.19047619047619047,Ridge,0.915,Ridge (0.915)
0,0.21428571428571427,Ridge,0.915,Ridge (0.915)
0,0.2261904761904762,Ridge,0.915,Ridge (0.915)
0,0.25,Ridge,0.915,Ridge (0.915)
0,0.2619047619047619,Ridge,0.915,Ridge (0.915)
0,0.27380952380952384,Ridge,0.915,Ridge (0.915)
0,0.2857142857142857,Ridge,0.915,Ridge (0.915)
0,0.2976190476190476,Ridge,0.915,Ridge (0.915)
0,0.30952380952380953,Ridge,0.915,Ridge (0.915)
0,0.3333333333333333,Ridge,0.915,Ridge (0.915)
0,0.34523809523809523,Ridge,0.915,Ridge (0.915)
0,0.35714285714285715,Ridge,0.915,Ridge (0.915)
0,0.36904761904761907,Ridge,0.915,Ridge (0.915)
0,0.38095238095238093,Ridge,0.915,Ridge (0.915)
0,0.40476190476190477,Ridge,0.915,Ridge (0.915)
0,0.4166666666666667,Ridge,0.915,Ridge (0.915)
0,0.42857142857142855,Ridge,0.915,Ridge (0.915)
0,0.44047619047619047,Ridge,0.915,Ridge (0.915)
0,0.4523809523809524,Ridge,0.915,Ridge (0.915)
0,0.4642857142857143,Ridge,0.915,Ridge (0.915)
0,0.47619047619047616,Ridge,0.915,Ridge (0.915)
0,0.4880952380952381,Ridge,0.915,Ridge (0.915)
0,0.5,Ridge,0.915,Ridge (0.915)
0,0.5119047619047619,Ridge,0.915,Ridge (0.915)
0,0.5238095238095238,Ridge,0.915,Ridge (0.915)
0,0.5357142857142857,Ridge,0.915,Ridge (0.915)
0,0.5476190476190477,Ridge,0.915,Ridge (0.915)
0,0.5595238095238095,Ridge,0.915,Ridge (0.915)
0,0.5714285714285714,Ridge,0.915,Ridge (0.915)
0,0.5833333333333334,Ridge,0.915,Ridge (0.915)
0,0.5952380952380952,Ridge,0.915,Ridge (0.915)
0,0.6071428571428571,Ridge,0.915,Ridge (0.915)
0,0.6190476190476191,Ridge,0.915,Ridge (0.915)
0,0.6309523809523809,Ridge,0.915,Ridge (0.915)
0,0.6428571428571429,Ridge,0.915,Ridge (0.915)
0,0.6547619047619048,Ridge,0.915,Ridge (0.915)
0.047619047619047616,0.6547619047619048,Ridge,0.915,Ridge (0.915)
0.047619047619047616,0.6666666666666666,Ridge,0.915,Ridge (0.915)
0.047619047619047616,0.6785714285714286,Ridge,0.915,Ridge (0.915)
0.047619047619047616,0.6904761904761905,Ridge,0.915,Ridge (0.915)
0.047619047619047616,0.7023809523809523,Ridge,0.915,Ridge (0.915)
0.047619047619047616,0.7142857142857143,Ridge,0.915,Ridge (0.915)
0.047619047619047616,0.7261904761904762,Ridge,0.915,Ridge (0.915)
0.047619047619047616,0.7380952380952381,Ridge,0.915,Ridge (0.915)
0.047619047619047616,0.75,Ridge,0.915,Ridge (0.915)
0.047619047619047616,0.7619047619047619,Ridge,0.915,Ridge (0.915)
0.047619047619047616,0.7738095238095238,Ridge,0.915,Ridge (0.915)
0.047619047619047616,0.7857142857142857,Ridge,0.915,Ridge (0.915)
0.047619047619047616,0.7976190476190477,Ridge,0.915,Ridge (0.915)
0.09523809523809523,0.7976190476190477,Ridge,0.915,Ridge (0.915)
0.09523809523809523,0.8095238095238095,Ridge,0.915,Ridge (0.915)
0.14285714285714285,0.8095238095238095,Ridge,0.915,Ridge (0.915)
0.14285714285714285,0.8214285714285714,Ridge,0.915,Ridge (0.915)
0.19047619047619047,0.8214285714285714,Ridge,0.915,Ridge (0.915)
0.19047619047619047,0.8333333333333334,Ridge,0.915,Ridge (0.915)
0.23809523809523808,0.8333333333333334,Ridge,0.915,Ridge (0.915)
0.23809523809523808,0.8452380952380952,Ridge,0.915,Ridge (0.915)
0.23809523809523808,0.8571428571428571,Ridge,0.915,Ridge (0.915)
0.23809523809523808,0.8690476190476191,Ridge,0.915,Ridge (0.915)
0.23809523809523808,0.8809523809523809,Ridge,0.915,Ridge (0.915)
0.2857142857142857,0.8809523809523809,Ridge,0.915,Ridge (0.915)
0.2857142857142857,0.8928571428571429,Ridge,0.915,Ridge (0.915)
0.3333333333333333,0.8928571428571429,Ridge,0.915,Ridge (0.915)
0.3333333333333333,0.9047619047619048,Ridge,0.915,Ridge (0.915)
0.38095238095238093,0.9047619047619048,Ridge,0.915,Ridge (0.915)
0.42857142857142855,0.9047619047619048,Ridge,0.915,Ridge (0.915)
0.42857142857142855,0.9166666666666666,Ridge,0.915,Ridge (0.915)
0.47619047619047616,0.9166666666666666,Ridge,0.915,Ridge (0.915)
0.47619047619047616,0.9285714285714286,Ridge,0.915,Ridge (0.915)
0.5238095238095238,0.9285714285714286,Ridge,0.915,Ridge (0.915)
0.5238095238095238,0.9404761904761905,Ridge,0.915,Ridge (0.915)
0.5714285714285714,0.9404761904761905,Ridge,0.915,Ridge (0.915)
0.6190476190476191,0.9404761904761905,Ridge,0.915,Ridge (0.915)
0.6190476190476191,0.9523809523809523,Ridge,0.915,Ridge (0.915)
0.6666666666666666,0.9523809523809523,Ridge,0.915,Ridge (0.915)
0.6666666666666666,0.9642857142857143,Ridge,0.915,Ridge (0.915)
0.6666666666666666,0.9761904761904762,Ridge,0.915,Ridge (0.915)
0.7142857142857143,0.9761904761904762,Ridge,0.915,Ridge (0.915)
0.7619047619047619,0.9761904761904762,Ridge,0.915,Ridge (0.915)
0.7619047619047619,0.9880952380952381,Ridge,0.915,Ridge (0.915)
0.7619047619047619,1,Ridge,0.915,Ridge (0.915)
0.8095238095238095,1,Ridge,0.915,Ridge (0.915)
0.8571428571428571,1,Ridge,0.915,Ridge (0.915)
0.9047619047619048,1,Ridge,0.915,Ridge (0.915)
0.9523809523809523,1,Ridge,0.915,Ridge (0.915)
1,1,Ridge,0.915,Ridge (0.915)
0,0,Support vector machine,0.893,Support vector machine (0.893)
0,0.011904761904761904,Support vector machine,0.893,Support vector machine (0.893)
0,0.023809523809523808,Support vector machine,0.893,Support vector machine (0.893)
0,0.047619047619047616,Support vector machine,0.893,Support vector machine (0.893)
0,0.05952380952380952,Support vector machine,0.893,Support vector machine (0.893)
0,0.07142857142857142,Support vector machine,0.893,Support vector machine (0.893)
0,0.09523809523809523,Support vector machine,0.893,Support vector machine (0.893)
0,0.10714285714285714,Support vector machine,0.893,Support vector machine (0.893)
0,0.11904761904761904,Support vector machine,0.893,Support vector machine (0.893)
0,0.13095238095238096,Support vector machine,0.893,Support vector machine (0.893)
0,0.14285714285714285,Support vector machine,0.893,Support vector machine (0.893)
0,0.15476190476190477,Support vector machine,0.893,Support vector machine (0.893)
0,0.16666666666666666,Support vector machine,0.893,Support vector machine (0.893)
0,0.17857142857142858,Support vector machine,0.893,Support vector machine (0.893)
0,0.19047619047619047,Support vector machine,0.893,Support vector machine (0.893)
0,0.20238095238095238,Support vector machine,0.893,Support vector machine (0.893)
0,0.21428571428571427,Support vector machine,0.893,Support vector machine (0.893)
0,0.2261904761904762,Support vector machine,0.893,Support vector machine (0.893)
0,0.23809523809523808,Support vector machine,0.893,Support vector machine (0.893)
0,0.25,Support vector machine,0.893,Support vector machine (0.893)
0,0.2619047619047619,Support vector machine,0.893,Support vector machine (0.893)
0,0.2857142857142857,Support vector machine,0.893,Support vector machine (0.893)
0,0.2976190476190476,Support vector machine,0.893,Support vector machine (0.893)
0,0.30952380952380953,Support vector machine,0.893,Support vector machine (0.893)
0,0.32142857142857145,Support vector machine,0.893,Support vector machine (0.893)
0,0.3333333333333333,Support vector machine,0.893,Support vector machine (0.893)
0,0.34523809523809523,Support vector machine,0.893,Support vector machine (0.893)
0,0.35714285714285715,Support vector machine,0.893,Support vector machine (0.893)
0,0.36904761904761907,Support vector machine,0.893,Support vector machine (0.893)
0,0.38095238095238093,Support vector machine,0.893,Support vector machine (0.893)
0,0.39285714285714285,Support vector machine,0.893,Support vector machine (0.893)
0,0.40476190476190477,Support vector machine,0.893,Support vector machine (0.893)
0,0.4166666666666667,Support vector machine,0.893,Support vector machine (0.893)
0,0.44047619047619047,Support vector machine,0.893,Support vector machine (0.893)
0,0.4523809523809524,Support vector machine,0.893,Support vector machine (0.893)
0,0.4642857142857143,Support vector machine,0.893,Support vector machine (0.893)
0,0.47619047619047616,Support vector machine,0.893,Support vector machine (0.893)
0,0.4880952380952381,Support vector machine,0.893,Support vector machine (0.893)
0,0.5,Support vector machine,0.893,Support vector machine (0.893)
0,0.5119047619047619,Support vector machine,0.893,Support vector machine (0.893)
0,0.5238095238095238,Support vector machine,0.893,Support vector machine (0.893)
0,0.5357142857142857,Support vector machine,0.893,Support vector machine (0.893)
0,0.5476190476190477,Support vector machine,0.893,Support vector machine (0.893)
0,0.5595238095238095,Support vector machine,0.893,Support vector machine (0.893)
0,0.5714285714285714,Support vector machine,0.893,Support vector machine (0.893)
0,0.5833333333333334,Support vector machine,0.893,Support vector machine (0.893)
0,0.5952380952380952,Support vector machine,0.893,Support vector machine (0.893)
0,0.6071428571428571,Support vector machine,0.893,Support vector machine (0.893)
0,0.6190476190476191,Support vector machine,0.893,Support vector machine (0.893)
0,0.6309523809523809,Support vector machine,0.893,Support vector machine (0.893)
0,0.6428571428571429,Support vector machine,0.893,Support vector machine (0.893)
0,0.6547619047619048,Support vector machine,0.893,Support vector machine (0.893)
0.047619047619047616,0.6547619047619048,Support vector machine,0.893,Support vector machine (0.893)
0.047619047619047616,0.6666666666666666,Support vector machine,0.893,Support vector machine (0.893)
0.047619047619047616,0.6785714285714286,Support vector machine,0.893,Support vector machine (0.893)
0.047619047619047616,0.6904761904761905,Support vector machine,0.893,Support vector machine (0.893)
0.047619047619047616,0.7023809523809523,Support vector machine,0.893,Support vector machine (0.893)
0.09523809523809523,0.7023809523809523,Support vector machine,0.893,Support vector machine (0.893)
0.09523809523809523,0.7142857142857143,Support vector machine,0.893,Support vector machine (0.893)
0.09523809523809523,0.7261904761904762,Support vector machine,0.893,Support vector machine (0.893)
0.09523809523809523,0.7380952380952381,Support vector machine,0.893,Support vector machine (0.893)
0.14285714285714285,0.7380952380952381,Support vector machine,0.893,Support vector machine (0.893)
0.14285714285714285,0.75,Support vector machine,0.893,Support vector machine (0.893)
0.14285714285714285,0.7619047619047619,Support vector machine,0.893,Support vector machine (0.893)
0.14285714285714285,0.7738095238095238,Support vector machine,0.893,Support vector machine (0.893)
0.14285714285714285,0.7857142857142857,Support vector machine,0.893,Support vector machine (0.893)
0.19047619047619047,0.7857142857142857,Support vector machine,0.893,Support vector machine (0.893)
0.23809523809523808,0.7857142857142857,Support vector machine,0.893,Support vector machine (0.893)
0.23809523809523808,0.7976190476190477,Support vector machine,0.893,Support vector machine (0.893)
0.23809523809523808,0.8095238095238095,Support vector machine,0.893,Support vector machine (0.893)
0.23809523809523808,0.8214285714285714,Support vector machine,0.893,Support vector machine (0.893)
0.23809523809523808,0.8333333333333334,Support vector machine,0.893,Support vector machine (0.893)
0.2857142857142857,0.8333333333333334,Support vector machine,0.893,Support vector machine (0.893)
0.2857142857142857,0.8452380952380952,Support vector machine,0.893,Support vector machine (0.893)
0.3333333333333333,0.8452380952380952,Support vector machine,0.893,Support vector machine (0.893)
0.3333333333333333,0.8571428571428571,Support vector machine,0.893,Support vector machine (0.893)
0.3333333333333333,0.8690476190476191,Support vector machine,0.893,Support vector machine (0.893)
0.3333333333333333,0.8809523809523809,Support vector machine,0.893,Support vector machine (0.893)
0.38095238095238093,0.8809523809523809,Support vector machine,0.893,Support vector machine (0.893)
0.38095238095238093,0.8928571428571429,Support vector machine,0.893,Support vector machine (0.893)
0.38095238095238093,0.9047619047619048,Support vector machine,0.893,Support vector machine (0.893)
0.42857142857142855,0.9047619047619048,Support vector machine,0.893,Support vector machine (0.893)
0.47619047619047616,0.9047619047619048,Support vector machine,0.893,Support vector machine (0.893)
0.47619047619047616,0.9166666666666666,Support vector machine,0.893,Support vector machine (0.893)
0.5238095238095238,0.9166666666666666,Support vector machine,0.893,Support vector machine (0.893)
0.5238095238095238,0.9285714285714286,Support vector machine,0.893,Support vector machine (0.893)
0.5714285714285714,0.9285714285714286,Support vector machine,0.893,Support vector machine (0.893)
0.5714285714285714,0.9404761904761905,Support vector machine,0.893,Support vector machine (0.893)
0.5714285714285714,0.9523809523809523,Support vector machine,0.893,Support vector machine (0.893)
0.6190476190476191,0.9523809523809523,Support vector machine,0.893,Support vector machine (0.893)
0.6190476190476191,0.9642857142857143,Support vector machine,0.893,Support vector machine (0.893)
0.6666666666666666,0.9642857142857143,Support vector machine,0.893,Support vector machine (0.893)
0.6666666666666666,0.9761904761904762,Support vector machine,0.893,Support vector machine (0.893)
0.7142857142857143,0.9761904761904762,Support vector machine,0.893,Support vector machine (0.893)
0.7619047619047619,0.9761904761904762,Support vector machine,0.893,Support vector machine (0.893)
0.8095238095238095,0.9761904761904762,Support vector machine,0.893,Support vector machine (0.893)
0.8571428571428571,0.9761904761904762,Support vector machine,0.893,Support vector machine (0.893)
0.8571428571428571,0.9880952380952381,Support vector machine,0.893,Support vector machine (0.893)
0.9047619047619048,0.9880952380952381,Support vector machine,0.893,Support vector machine (0.893)
0.9047619047619048,1,Support vector machine,0.893,Support vector machine (0.893)
0.9523809523809523,1,Support vector machine,0.893,Support vector machine (0.893)
1,1,Support vector machine,0.893,Support vector machine (0.893)
0,0,Extreem gradient boosting,0.887,Extreem gradient boosting (0.887)
0,0.011904761904761904,Extreem gradient boosting,0.887,Extreem gradient boosting (0.887)
0,0.03571428571428571,Extreem gradient boosting,0.887,Extreem gradient boosting (0.887)
0,0.047619047619047616,Extreem gradient boosting,0.887,Extreem gradient boosting (0.887)
0,0.05952380952380952,Extreem gradient boosting,0.887,Extreem gradient boosting (0.887)
0,0.07142857142857142,Extreem gradient boosting,0.887,Extreem gradient boosting (0.887)
0,0.08333333333333333,Extreem gradient boosting,0.887,Extreem gradient boosting (0.887)
0,0.09523809523809523,Extreem gradient boosting,0.887,Extreem gradient boosting (0.887)
0,0.11904761904761904,Extreem gradient boosting,0.887,Extreem gradient boosting (0.887)
0,0.13095238095238096,Extreem gradient boosting,0.887,Extreem gradient boosting (0.887)
0,0.15476190476190477,Extreem gradient boosting,0.887,Extreem gradient boosting (0.887)
0,0.16666666666666666,Extreem gradient boosting,0.887,Extreem gradient boosting (0.887)
0,0.17857142857142858,Extreem gradient boosting,0.887,Extreem gradient boosting (0.887)
0,0.19047619047619047,Extreem gradient boosting,0.887,Extreem gradient boosting (0.887)
0,0.20238095238095238,Extreem gradient boosting,0.887,Extreem gradient boosting (0.887)
0,0.21428571428571427,Extreem gradient boosting,0.887,Extreem gradient boosting (0.887)
0,0.2261904761904762,Extreem gradient boosting,0.887,Extreem gradient boosting (0.887)
0,0.23809523809523808,Extreem gradient boosting,0.887,Extreem gradient boosting (0.887)
0,0.25,Extreem gradient boosting,0.887,Extreem gradient boosting (0.887)
0,0.2619047619047619,Extreem gradient boosting,0.887,Extreem gradient boosting (0.887)
0,0.27380952380952384,Extreem gradient boosting,0.887,Extreem gradient boosting (0.887)
0,0.2857142857142857,Extreem gradient boosting,0.887,Extreem gradient boosting (0.887)
0,0.2976190476190476,Extreem gradient boosting,0.887,Extreem gradient boosting (0.887)
0,0.30952380952380953,Extreem gradient boosting,0.887,Extreem gradient boosting (0.887)
0,0.32142857142857145,Extreem gradient boosting,0.887,Extreem gradient boosting (0.887)
0,0.3333333333333333,Extreem gradient boosting,0.887,Extreem gradient boosting (0.887)
0,0.34523809523809523,Extreem gradient boosting,0.887,Extreem gradient boosting (0.887)
0,0.35714285714285715,Extreem gradient boosting,0.887,Extreem gradient boosting (0.887)
0,0.36904761904761907,Extreem gradient boosting,0.887,Extreem gradient boosting (0.887)
0,0.39285714285714285,Extreem gradient boosting,0.887,Extreem gradient boosting (0.887)
0,0.40476190476190477,Extreem gradient boosting,0.887,Extreem gradient boosting (0.887)
0,0.4166666666666667,Extreem gradient boosting,0.887,Extreem gradient boosting (0.887)
0,0.42857142857142855,Extreem gradient boosting,0.887,Extreem gradient boosting (0.887)
0,0.44047619047619047,Extreem gradient boosting,0.887,Extreem gradient boosting (0.887)
0,0.4523809523809524,Extreem gradient boosting,0.887,Extreem gradient boosting (0.887)
0,0.4642857142857143,Extreem gradient boosting,0.887,Extreem gradient boosting (0.887)
0,0.47619047619047616,Extreem gradient boosting,0.887,Extreem gradient boosting (0.887)
0,0.4880952380952381,Extreem gradient boosting,0.887,Extreem gradient boosting (0.887)
0,0.5,Extreem gradient boosting,0.887,Extreem gradient boosting (0.887)
0,0.5119047619047619,Extreem gradient boosting,0.887,Extreem gradient boosting (0.887)
0,0.5238095238095238,Extreem gradient boosting,0.887,Extreem gradient boosting (0.887)
0,0.5357142857142857,Extreem gradient boosting,0.887,Extreem gradient boosting (0.887)
0,0.5476190476190477,Extreem gradient boosting,0.887,Extreem gradient boosting (0.887)
0,0.5595238095238095,Extreem gradient boosting,0.887,Extreem gradient boosting (0.887)
0,0.5714285714285714,Extreem gradient boosting,0.887,Extreem gradient boosting (0.887)
0,0.5833333333333334,Extreem gradient boosting,0.887,Extreem gradient boosting (0.887)
0,0.5952380952380952,Extreem gradient boosting,0.887,Extreem gradient boosting (0.887)
0,0.6071428571428571,Extreem gradient boosting,0.887,Extreem gradient boosting (0.887)
0,0.6190476190476191,Extreem gradient boosting,0.887,Extreem gradient boosting (0.887)
0,0.6309523809523809,Extreem gradient boosting,0.887,Extreem gradient boosting (0.887)
0,0.6428571428571429,Extreem gradient boosting,0.887,Extreem gradient boosting (0.887)
0,0.6547619047619048,Extreem gradient boosting,0.887,Extreem gradient boosting (0.887)
0,0.6666666666666666,Extreem gradient boosting,0.887,Extreem gradient boosting (0.887)
0,0.6785714285714286,Extreem gradient boosting,0.887,Extreem gradient boosting (0.887)
0,0.6904761904761905,Extreem gradient boosting,0.887,Extreem gradient boosting (0.887)
0.047619047619047616,0.6904761904761905,Extreem gradient boosting,0.887,Extreem gradient boosting (0.887)
0.09523809523809523,0.6904761904761905,Extreem gradient boosting,0.887,Extreem gradient boosting (0.887)
0.09523809523809523,0.7023809523809523,Extreem gradient boosting,0.887,Extreem gradient boosting (0.887)
0.09523809523809523,0.7142857142857143,Extreem gradient boosting,0.887,Extreem gradient boosting (0.887)
0.09523809523809523,0.7261904761904762,Extreem gradient boosting,0.887,Extreem gradient boosting (0.887)
0.09523809523809523,0.7380952380952381,Extreem gradient boosting,0.887,Extreem gradient boosting (0.887)
0.09523809523809523,0.75,Extreem gradient boosting,0.887,Extreem gradient boosting (0.887)
0.14285714285714285,0.75,Extreem gradient boosting,0.887,Extreem gradient boosting (0.887)
0.19047619047619047,0.75,Extreem gradient boosting,0.887,Extreem gradient boosting (0.887)
0.19047619047619047,0.7619047619047619,Extreem gradient boosting,0.887,Extreem gradient boosting (0.887)
0.19047619047619047,0.7738095238095238,Extreem gradient boosting,0.887,Extreem gradient boosting (0.887)
0.23809523809523808,0.7738095238095238,Extreem gradient boosting,0.887,Extreem gradient boosting (0.887)
0.23809523809523808,0.7857142857142857,Extreem gradient boosting,0.887,Extreem gradient boosting (0.887)
0.23809523809523808,0.7976190476190477,Extreem gradient boosting,0.887,Extreem gradient boosting (0.887)
0.23809523809523808,0.8095238095238095,Extreem gradient boosting,0.887,Extreem gradient boosting (0.887)
0.23809523809523808,0.8214285714285714,Extreem gradient boosting,0.887,Extreem gradient boosting (0.887)
0.23809523809523808,0.8333333333333334,Extreem gradient boosting,0.887,Extreem gradient boosting (0.887)
0.23809523809523808,0.8452380952380952,Extreem gradient boosting,0.887,Extreem gradient boosting (0.887)
0.2857142857142857,0.8452380952380952,Extreem gradient boosting,0.887,Extreem gradient boosting (0.887)
0.3333333333333333,0.8452380952380952,Extreem gradient boosting,0.887,Extreem gradient boosting (0.887)
0.38095238095238093,0.8452380952380952,Extreem gradient boosting,0.887,Extreem gradient boosting (0.887)
0.42857142857142855,0.8452380952380952,Extreem gradient boosting,0.887,Extreem gradient boosting (0.887)
0.42857142857142855,0.8571428571428571,Extreem gradient boosting,0.887,Extreem gradient boosting (0.887)
0.47619047619047616,0.8571428571428571,Extreem gradient boosting,0.887,Extreem gradient boosting (0.887)
0.5238095238095238,0.8571428571428571,Extreem gradient boosting,0.887,Extreem gradient boosting (0.887)
0.5238095238095238,0.8690476190476191,Extreem gradient boosting,0.887,Extreem gradient boosting (0.887)
0.5238095238095238,0.8809523809523809,Extreem gradient boosting,0.887,Extreem gradient boosting (0.887)
0.5238095238095238,0.8928571428571429,Extreem gradient boosting,0.887,Extreem gradient boosting (0.887)
0.5238095238095238,0.9047619047619048,Extreem gradient boosting,0.887,Extreem gradient boosting (0.887)
0.5238095238095238,0.9166666666666666,Extreem gradient boosting,0.887,Extreem gradient boosting (0.887)
0.5714285714285714,0.9166666666666666,Extreem gradient boosting,0.887,Extreem gradient boosting (0.887)
0.5714285714285714,0.9285714285714286,Extreem gradient boosting,0.887,Extreem gradient boosting (0.887)
0.5714285714285714,0.9404761904761905,Extreem gradient boosting,0.887,Extreem gradient boosting (0.887)
0.5714285714285714,0.9523809523809523,Extreem gradient boosting,0.887,Extreem gradient boosting (0.887)
0.5714285714285714,0.9642857142857143,Extreem gradient boosting,0.887,Extreem gradient boosting (0.887)
0.6190476190476191,0.9642857142857143,Extreem gradient boosting,0.887,Extreem gradient boosting (0.887)
0.6666666666666666,0.9642857142857143,Extreem gradient boosting,0.887,Extreem gradient boosting (0.887)
0.6666666666666666,0.9761904761904762,Extreem gradient boosting,0.887,Extreem gradient boosting (0.887)
0.6666666666666666,0.9880952380952381,Extreem gradient boosting,0.887,Extreem gradient boosting (0.887)
0.6666666666666666,1,Extreem gradient boosting,0.887,Extreem gradient boosting (0.887)
0.7142857142857143,1,Extreem gradient boosting,0.887,Extreem gradient boosting (0.887)
0.7619047619047619,1,Extreem gradient boosting,0.887,Extreem gradient boosting (0.887)
0.8095238095238095,1,Extreem gradient boosting,0.887,Extreem gradient boosting (0.887)
0.8571428571428571,1,Extreem gradient boosting,0.887,Extreem gradient boosting (0.887)
0.9047619047619048,1,Extreem gradient boosting,0.887,Extreem gradient boosting (0.887)
0.9523809523809523,1,Extreem gradient boosting,0.887,Extreem gradient boosting (0.887)
1,1,Extreem gradient boosting,0.887,Extreem gradient boosting (0.887)
